<?xml version="1.0" encoding="UTF-8" standalone="yes"?>
<ns2:ExportManifest xmlns:ns2="http://www.pentaho.com/schema/">
    <ExportManifestInformation exportDate="19-12-2015 10:07:09 IST" exportBy="admin" rootFolder="/home/TelebuyDashboard/" manifestVersion="2"/>
    <ExportManifestEntity path="calls">
        <ExportManifestProperty>
            <EntityMetaData name="calls" createdDate="2015-09-05T14:05:00.943+05:30" isFolder="true" path="calls" isHidden="false" locale="en_US" title="calls"/>
        </ExportManifestProperty>
        <ExportManifestProperty>
            <EntityAcl>
                <entriesInheriting>true</entriesInheriting>
                <owner>admin</owner>
                <ownerType>USER</ownerType>
            </EntityAcl>
        </ExportManifestProperty>
    </ExportManifestEntity>
    <ExportManifestEntity path="calls/calls.cda">
        <ExportManifestProperty>
            <EntityMetaData name="calls.cda" createdDate="2015-09-05T14:05:01.761+05:30" isFolder="false" path="calls/calls.cda" isHidden="false" locale="en_US" title="calls"/>
        </ExportManifestProperty>
        <ExportManifestProperty>
            <EntityAcl>
                <entriesInheriting>true</entriesInheriting>
                <owner>admin</owner>
                <ownerType>USER</ownerType>
            </EntityAcl>
        </ExportManifestProperty>
    </ExportManifestEntity>
    <ExportManifestEntity path="calls/calls.cdfde">
        <ExportManifestProperty>
            <EntityMetaData name="calls.cdfde" createdDate="2015-09-05T14:05:02.201+05:30" isFolder="false" path="calls/calls.cdfde" isHidden="false" locale="en_US" title="calls"/>
        </ExportManifestProperty>
        <ExportManifestProperty>
            <EntityAcl>
                <entriesInheriting>true</entriesInheriting>
                <owner>admin</owner>
                <ownerType>USER</ownerType>
            </EntityAcl>
        </ExportManifestProperty>
    </ExportManifestEntity>
    <ExportManifestEntity path="calls/calls.wcdf">
        <ExportManifestProperty>
            <EntityMetaData name="calls.wcdf" createdDate="2015-09-05T14:05:01.180+05:30" isFolder="false" path="calls/calls.wcdf" isHidden="false" locale="en_US" title="calls"/>
        </ExportManifestProperty>
        <ExportManifestProperty>
            <EntityAcl>
                <entriesInheriting>true</entriesInheriting>
                <owner>admin</owner>
                <ownerType>USER</ownerType>
            </EntityAcl>
        </ExportManifestProperty>
    </ExportManifestEntity>
    <ExportManifestEntity path="calls/css">
        <ExportManifestProperty>
            <EntityMetaData name="css" createdDate="2015-09-05T14:05:04.232+05:30" isFolder="true" path="calls/css" isHidden="false" locale="en_US" title="css"/>
        </ExportManifestProperty>
        <ExportManifestProperty>
            <EntityAcl>
                <entriesInheriting>true</entriesInheriting>
                <owner>admin</owner>
                <ownerType>USER</ownerType>
            </EntityAcl>
        </ExportManifestProperty>
    </ExportManifestEntity>
    <ExportManifestEntity path="calls/css/productSales.css">
        <ExportManifestProperty>
            <EntityMetaData name="productSales.css" createdDate="2015-09-05T14:05:04.316+05:30" isFolder="false" path="calls/css/productSales.css" isHidden="true" locale="en_US" title="productSales"/>
        </ExportManifestProperty>
        <ExportManifestProperty>
            <EntityAcl>
                <entriesInheriting>true</entriesInheriting>
                <owner>admin</owner>
                <ownerType>USER</ownerType>
            </EntityAcl>
        </ExportManifestProperty>
    </ExportManifestEntity>
    <ExportManifestEntity path="calls/files">
        <ExportManifestProperty>
            <EntityMetaData name="files" createdDate="2015-09-05T14:05:04.788+05:30" isFolder="true" path="calls/files" isHidden="false" locale="en_US" title="files"/>
        </ExportManifestProperty>
        <ExportManifestProperty>
            <EntityAcl>
                <entriesInheriting>true</entriesInheriting>
                <owner>admin</owner>
                <ownerType>USER</ownerType>
            </EntityAcl>
        </ExportManifestProperty>
    </ExportManifestEntity>
    <ExportManifestEntity path="calls/files/aov_data.xls">
        <ExportManifestProperty>
            <EntityMetaData name="aov_data.xls" createdDate="2015-09-05T14:05:04.914+05:30" isFolder="false" path="calls/files/aov_data.xls" isHidden="false" locale="en_US" title="aov_data"/>
        </ExportManifestProperty>
        <ExportManifestProperty>
            <EntityAcl>
                <entriesInheriting>true</entriesInheriting>
                <owner>admin</owner>
                <ownerType>USER</ownerType>
            </EntityAcl>
        </ExportManifestProperty>
    </ExportManifestEntity>
    <ExportManifestEntity path="calls/files/aov_import.ktr">
        <ExportManifestProperty>
            <EntityMetaData name="aov_import.ktr" createdDate="2015-09-05T14:05:05.337+05:30" isFolder="false" path="calls/files/aov_import.ktr" isHidden="false" locale="en_US" title="aov_import"/>
        </ExportManifestProperty>
        <ExportManifestProperty>
            <EntityAcl>
                <entriesInheriting>true</entriesInheriting>
                <owner>admin</owner>
                <ownerType>USER</ownerType>
            </EntityAcl>
        </ExportManifestProperty>
    </ExportManifestEntity>
    <ExportManifestEntity path="calls/files/aov_import_sales.ktr">
        <ExportManifestProperty>
            <EntityMetaData name="aov_import_sales.ktr" createdDate="2015-09-05T14:05:05.753+05:30" isFolder="false" path="calls/files/aov_import_sales.ktr" isHidden="false" locale="en_US" title="aov_import_sales"/>
        </ExportManifestProperty>
        <ExportManifestProperty>
            <EntityAcl>
                <entriesInheriting>true</entriesInheriting>
                <owner>admin</owner>
                <ownerType>USER</ownerType>
            </EntityAcl>
        </ExportManifestProperty>
    </ExportManifestEntity>
    <ExportManifestEntity path="calls/img">
        <ExportManifestProperty>
            <EntityMetaData name="img" createdDate="2015-09-05T14:05:06.183+05:30" isFolder="true" path="calls/img" isHidden="false" locale="en_US" title="img"/>
        </ExportManifestProperty>
        <ExportManifestProperty>
            <EntityAcl>
                <entriesInheriting>true</entriesInheriting>
                <owner>admin</owner>
                <ownerType>USER</ownerType>
            </EntityAcl>
        </ExportManifestProperty>
    </ExportManifestEntity>
    <ExportManifestEntity path="calls/img/analysis-chart.png">
        <ExportManifestProperty>
            <EntityMetaData name="analysis-chart.png" createdDate="2015-09-05T14:05:06.293+05:30" isFolder="false" path="calls/img/analysis-chart.png" isHidden="true" locale="en_US" title="analysis-chart"/>
        </ExportManifestProperty>
        <ExportManifestProperty>
            <EntityAcl>
                <entriesInheriting>true</entriesInheriting>
                <owner>admin</owner>
                <ownerType>USER</ownerType>
            </EntityAcl>
        </ExportManifestProperty>
    </ExportManifestEntity>
    <ExportManifestEntity path="calls/img/analysis-chart.svg">
        <ExportManifestProperty>
            <EntityMetaData name="analysis-chart.svg" createdDate="2015-09-05T14:05:06.977+05:30" isFolder="false" path="calls/img/analysis-chart.svg" isHidden="true" locale="en_US" title="analysis-chart"/>
        </ExportManifestProperty>
        <ExportManifestProperty>
            <EntityAcl>
                <entriesInheriting>true</entriesInheriting>
                <owner>admin</owner>
                <ownerType>USER</ownerType>
            </EntityAcl>
        </ExportManifestProperty>
    </ExportManifestEntity>
    <ExportManifestEntity path="calls/img/calendar.png">
        <ExportManifestProperty>
            <EntityMetaData name="calendar.png" createdDate="2015-09-05T14:05:07.415+05:30" isFolder="false" path="calls/img/calendar.png" isHidden="true" locale="en_US" title="calendar"/>
        </ExportManifestProperty>
        <ExportManifestProperty>
            <EntityAcl>
                <entriesInheriting>true</entriesInheriting>
                <owner>admin</owner>
                <ownerType>USER</ownerType>
            </EntityAcl>
        </ExportManifestProperty>
    </ExportManifestEntity>
    <ExportManifestEntity path="calls/img/calendar.svg">
        <ExportManifestProperty>
            <EntityMetaData name="calendar.svg" createdDate="2015-09-05T14:05:07.836+05:30" isFolder="false" path="calls/img/calendar.svg" isHidden="true" locale="en_US" title="calendar"/>
        </ExportManifestProperty>
        <ExportManifestProperty>
            <EntityAcl>
                <entriesInheriting>true</entriesInheriting>
                <owner>admin</owner>
                <ownerType>USER</ownerType>
            </EntityAcl>
        </ExportManifestProperty>
    </ExportManifestEntity>
    <ExportManifestEntity path="calls/img/logo.png">
        <ExportManifestProperty>
            <EntityMetaData name="logo.png" createdDate="2015-09-05T14:05:08.290+05:30" isFolder="false" path="calls/img/logo.png" isHidden="true" locale="en_US" title="logo"/>
        </ExportManifestProperty>
        <ExportManifestProperty>
            <EntityAcl>
                <entriesInheriting>true</entriesInheriting>
                <owner>admin</owner>
                <ownerType>USER</ownerType>
            </EntityAcl>
        </ExportManifestProperty>
    </ExportManifestEntity>
    <ExportManifestEntity path="calls/img/pentaho-logo.png">
        <ExportManifestProperty>
            <EntityMetaData name="pentaho-logo.png" createdDate="2015-09-05T14:05:08.759+05:30" isFolder="false" path="calls/img/pentaho-logo.png" isHidden="true" locale="en_US" title="pentaho-logo"/>
        </ExportManifestProperty>
        <ExportManifestProperty>
            <EntityAcl>
                <entriesInheriting>true</entriesInheriting>
                <owner>admin</owner>
                <ownerType>USER</ownerType>
            </EntityAcl>
        </ExportManifestProperty>
    </ExportManifestEntity>
    <ExportManifestEntity path="calls/img/pentaho-logo.svg">
        <ExportManifestProperty>
            <EntityMetaData name="pentaho-logo.svg" createdDate="2015-09-05T14:05:09.079+05:30" isFolder="false" path="calls/img/pentaho-logo.svg" isHidden="true" locale="en_US" title="pentaho-logo"/>
        </ExportManifestProperty>
        <ExportManifestProperty>
            <EntityAcl>
                <entriesInheriting>true</entriesInheriting>
                <owner>admin</owner>
                <ownerType>USER</ownerType>
            </EntityAcl>
        </ExportManifestProperty>
    </ExportManifestEntity>
    <ExportManifestEntity path="calls/img/warning.png">
        <ExportManifestProperty>
            <EntityMetaData name="warning.png" createdDate="2015-09-05T14:05:09.377+05:30" isFolder="false" path="calls/img/warning.png" isHidden="true" locale="en_US" title="warning"/>
        </ExportManifestProperty>
        <ExportManifestProperty>
            <EntityAcl>
                <entriesInheriting>true</entriesInheriting>
                <owner>admin</owner>
                <ownerType>USER</ownerType>
            </EntityAcl>
        </ExportManifestProperty>
    </ExportManifestEntity>
    <ExportManifestEntity path="calls/img/warning.svg">
        <ExportManifestProperty>
            <EntityMetaData name="warning.svg" createdDate="2015-09-05T14:05:09.752+05:30" isFolder="false" path="calls/img/warning.svg" isHidden="true" locale="en_US" title="warning"/>
        </ExportManifestProperty>
        <ExportManifestProperty>
            <EntityAcl>
                <entriesInheriting>true</entriesInheriting>
                <owner>admin</owner>
                <ownerType>USER</ownerType>
            </EntityAcl>
        </ExportManifestProperty>
    </ExportManifestEntity>
    <ExportManifestEntity path="calls/img/webdetails-logo.png">
        <ExportManifestProperty>
            <EntityMetaData name="webdetails-logo.png" createdDate="2015-09-05T14:05:10.053+05:30" isFolder="false" path="calls/img/webdetails-logo.png" isHidden="true" locale="en_US" title="webdetails-logo"/>
        </ExportManifestProperty>
        <ExportManifestProperty>
            <EntityAcl>
                <entriesInheriting>true</entriesInheriting>
                <owner>admin</owner>
                <ownerType>USER</ownerType>
            </EntityAcl>
        </ExportManifestProperty>
    </ExportManifestEntity>
    <ExportManifestEntity path="calls/img/webdetails-logo.svg">
        <ExportManifestProperty>
            <EntityMetaData name="webdetails-logo.svg" createdDate="2015-09-05T14:05:10.408+05:30" isFolder="false" path="calls/img/webdetails-logo.svg" isHidden="true" locale="en_US" title="webdetails-logo"/>
        </ExportManifestProperty>
        <ExportManifestProperty>
            <EntityAcl>
                <entriesInheriting>true</entriesInheriting>
                <owner>admin</owner>
                <ownerType>USER</ownerType>
            </EntityAcl>
        </ExportManifestProperty>
    </ExportManifestEntity>
    <ExportManifestEntity path="calls/js">
        <ExportManifestProperty>
            <EntityMetaData name="js" createdDate="2015-09-05T14:05:10.683+05:30" isFolder="true" path="calls/js" isHidden="false" locale="en_US" title="js"/>
        </ExportManifestProperty>
        <ExportManifestProperty>
            <EntityAcl>
                <entriesInheriting>true</entriesInheriting>
                <owner>admin</owner>
                <ownerType>USER</ownerType>
            </EntityAcl>
        </ExportManifestProperty>
    </ExportManifestEntity>
    <ExportManifestEntity path="calls/js/productSales.js">
        <ExportManifestProperty>
            <EntityMetaData name="productSales.js" createdDate="2015-09-05T14:05:10.787+05:30" isFolder="false" path="calls/js/productSales.js" isHidden="true" locale="en_US" title="productSales"/>
        </ExportManifestProperty>
        <ExportManifestProperty>
            <EntityAcl>
                <entriesInheriting>true</entriesInheriting>
                <owner>admin</owner>
                <ownerType>USER</ownerType>
            </EntityAcl>
        </ExportManifestProperty>
    </ExportManifestEntity>
</ns2:ExportManifest>
