<?xml version="1.0" encoding="UTF-8" standalone="yes"?>
<ns2:ExportManifest xmlns:ns2="http://www.pentaho.com/schema/">
    <ExportManifestInformation exportDate="17-12-2015 11:37:10 IST" exportBy="admin" rootFolder="/home/TelebuyDashboard/" manifestVersion="2"/>
    <ExportManifestEntity path="Sales">
        <ExportManifestProperty>
            <EntityMetaData name="Sales" createdDate="2015-09-05T14:05:50.203+05:30" isFolder="true" path="Sales" isHidden="false" locale="en_US" title="Sales"/>
        </ExportManifestProperty>
        <ExportManifestProperty>
            <EntityAcl>
                <entriesInheriting>true</entriesInheriting>
                <owner>admin</owner>
                <ownerType>USER</ownerType>
            </EntityAcl>
        </ExportManifestProperty>
    </ExportManifestEntity>
    <ExportManifestEntity path="Sales/css">
        <ExportManifestProperty>
            <EntityMetaData name="css" createdDate="2015-09-05T14:05:50.301+05:30" isFolder="true" path="Sales/css" isHidden="false" locale="en_US" title="css"/>
        </ExportManifestProperty>
        <ExportManifestProperty>
            <EntityAcl>
                <entriesInheriting>true</entriesInheriting>
                <owner>admin</owner>
                <ownerType>USER</ownerType>
            </EntityAcl>
        </ExportManifestProperty>
    </ExportManifestEntity>
    <ExportManifestEntity path="Sales/css/productSales.css">
        <ExportManifestProperty>
            <EntityMetaData name="productSales.css" createdDate="2015-09-05T14:05:50.376+05:30" isFolder="false" path="Sales/css/productSales.css" isHidden="true" locale="en_US" title="productSales"/>
        </ExportManifestProperty>
        <ExportManifestProperty>
            <EntityAcl>
                <entriesInheriting>true</entriesInheriting>
                <owner>admin</owner>
                <ownerType>USER</ownerType>
            </EntityAcl>
        </ExportManifestProperty>
    </ExportManifestEntity>
    <ExportManifestEntity path="Sales/files">
        <ExportManifestProperty>
            <EntityMetaData name="files" createdDate="2015-09-05T14:05:50.683+05:30" isFolder="true" path="Sales/files" isHidden="false" locale="en_US" title="files"/>
        </ExportManifestProperty>
        <ExportManifestProperty>
            <EntityAcl>
                <entriesInheriting>true</entriesInheriting>
                <owner>admin</owner>
                <ownerType>USER</ownerType>
            </EntityAcl>
        </ExportManifestProperty>
    </ExportManifestEntity>
    <ExportManifestEntity path="Sales/files/aov_data.xls">
        <ExportManifestProperty>
            <EntityMetaData name="aov_data.xls" createdDate="2015-09-05T14:05:50.845+05:30" isFolder="false" path="Sales/files/aov_data.xls" isHidden="false" locale="en_US" title="aov_data"/>
        </ExportManifestProperty>
        <ExportManifestProperty>
            <EntityAcl>
                <entriesInheriting>true</entriesInheriting>
                <owner>admin</owner>
                <ownerType>USER</ownerType>
            </EntityAcl>
        </ExportManifestProperty>
    </ExportManifestEntity>
    <ExportManifestEntity path="Sales/files/aov_import.ktr">
        <ExportManifestProperty>
            <EntityMetaData name="aov_import.ktr" createdDate="2015-09-05T14:05:51.114+05:30" isFolder="false" path="Sales/files/aov_import.ktr" isHidden="false" locale="en_US" title="aov_import"/>
        </ExportManifestProperty>
        <ExportManifestProperty>
            <EntityAcl>
                <entriesInheriting>true</entriesInheriting>
                <owner>admin</owner>
                <ownerType>USER</ownerType>
            </EntityAcl>
        </ExportManifestProperty>
    </ExportManifestEntity>
    <ExportManifestEntity path="Sales/files/aov_import_sales.ktr">
        <ExportManifestProperty>
            <EntityMetaData name="aov_import_sales.ktr" createdDate="2015-09-05T14:05:51.448+05:30" isFolder="false" path="Sales/files/aov_import_sales.ktr" isHidden="false" locale="en_US" title="aov_import_sales"/>
        </ExportManifestProperty>
        <ExportManifestProperty>
            <EntityAcl>
                <entriesInheriting>true</entriesInheriting>
                <owner>admin</owner>
                <ownerType>USER</ownerType>
            </EntityAcl>
        </ExportManifestProperty>
    </ExportManifestEntity>
    <ExportManifestEntity path="Sales/img">
        <ExportManifestProperty>
            <EntityMetaData name="img" createdDate="2015-09-05T14:05:51.742+05:30" isFolder="true" path="Sales/img" isHidden="false" locale="en_US" title="img"/>
        </ExportManifestProperty>
        <ExportManifestProperty>
            <EntityAcl>
                <entriesInheriting>true</entriesInheriting>
                <owner>admin</owner>
                <ownerType>USER</ownerType>
            </EntityAcl>
        </ExportManifestProperty>
    </ExportManifestEntity>
    <ExportManifestEntity path="Sales/img/analysis-chart.png">
        <ExportManifestProperty>
            <EntityMetaData name="analysis-chart.png" createdDate="2015-09-05T14:05:51.829+05:30" isFolder="false" path="Sales/img/analysis-chart.png" isHidden="true" locale="en_US" title="analysis-chart"/>
        </ExportManifestProperty>
        <ExportManifestProperty>
            <EntityAcl>
                <entriesInheriting>true</entriesInheriting>
                <owner>admin</owner>
                <ownerType>USER</ownerType>
            </EntityAcl>
        </ExportManifestProperty>
    </ExportManifestEntity>
    <ExportManifestEntity path="Sales/img/analysis-chart.svg">
        <ExportManifestProperty>
            <EntityMetaData name="analysis-chart.svg" createdDate="2015-09-05T14:05:52.108+05:30" isFolder="false" path="Sales/img/analysis-chart.svg" isHidden="true" locale="en_US" title="analysis-chart"/>
        </ExportManifestProperty>
        <ExportManifestProperty>
            <EntityAcl>
                <entriesInheriting>true</entriesInheriting>
                <owner>admin</owner>
                <ownerType>USER</ownerType>
            </EntityAcl>
        </ExportManifestProperty>
    </ExportManifestEntity>
    <ExportManifestEntity path="Sales/img/calendar.png">
        <ExportManifestProperty>
            <EntityMetaData name="calendar.png" createdDate="2015-09-05T14:05:52.499+05:30" isFolder="false" path="Sales/img/calendar.png" isHidden="true" locale="en_US" title="calendar"/>
        </ExportManifestProperty>
        <ExportManifestProperty>
            <EntityAcl>
                <entriesInheriting>true</entriesInheriting>
                <owner>admin</owner>
                <ownerType>USER</ownerType>
            </EntityAcl>
        </ExportManifestProperty>
    </ExportManifestEntity>
    <ExportManifestEntity path="Sales/img/calendar.svg">
        <ExportManifestProperty>
            <EntityMetaData name="calendar.svg" createdDate="2015-09-05T14:05:52.739+05:30" isFolder="false" path="Sales/img/calendar.svg" isHidden="true" locale="en_US" title="calendar"/>
        </ExportManifestProperty>
        <ExportManifestProperty>
            <EntityAcl>
                <entriesInheriting>true</entriesInheriting>
                <owner>admin</owner>
                <ownerType>USER</ownerType>
            </EntityAcl>
        </ExportManifestProperty>
    </ExportManifestEntity>
    <ExportManifestEntity path="Sales/img/logo.png">
        <ExportManifestProperty>
            <EntityMetaData name="logo.png" createdDate="2015-09-05T14:05:53.023+05:30" isFolder="false" path="Sales/img/logo.png" isHidden="true" locale="en_US" title="logo"/>
        </ExportManifestProperty>
        <ExportManifestProperty>
            <EntityAcl>
                <entriesInheriting>true</entriesInheriting>
                <owner>admin</owner>
                <ownerType>USER</ownerType>
            </EntityAcl>
        </ExportManifestProperty>
    </ExportManifestEntity>
    <ExportManifestEntity path="Sales/img/pentaho-logo.png">
        <ExportManifestProperty>
            <EntityMetaData name="pentaho-logo.png" createdDate="2015-09-05T14:05:53.231+05:30" isFolder="false" path="Sales/img/pentaho-logo.png" isHidden="true" locale="en_US" title="pentaho-logo"/>
        </ExportManifestProperty>
        <ExportManifestProperty>
            <EntityAcl>
                <entriesInheriting>true</entriesInheriting>
                <owner>admin</owner>
                <ownerType>USER</ownerType>
            </EntityAcl>
        </ExportManifestProperty>
    </ExportManifestEntity>
    <ExportManifestEntity path="Sales/img/pentaho-logo.svg">
        <ExportManifestProperty>
            <EntityMetaData name="pentaho-logo.svg" createdDate="2015-09-05T14:05:53.487+05:30" isFolder="false" path="Sales/img/pentaho-logo.svg" isHidden="true" locale="en_US" title="pentaho-logo"/>
        </ExportManifestProperty>
        <ExportManifestProperty>
            <EntityAcl>
                <entriesInheriting>true</entriesInheriting>
                <owner>admin</owner>
                <ownerType>USER</ownerType>
            </EntityAcl>
        </ExportManifestProperty>
    </ExportManifestEntity>
    <ExportManifestEntity path="Sales/img/warning.png">
        <ExportManifestProperty>
            <EntityMetaData name="warning.png" createdDate="2015-09-05T14:05:53.786+05:30" isFolder="false" path="Sales/img/warning.png" isHidden="true" locale="en_US" title="warning"/>
        </ExportManifestProperty>
        <ExportManifestProperty>
            <EntityAcl>
                <entriesInheriting>true</entriesInheriting>
                <owner>admin</owner>
                <ownerType>USER</ownerType>
            </EntityAcl>
        </ExportManifestProperty>
    </ExportManifestEntity>
    <ExportManifestEntity path="Sales/img/warning.svg">
        <ExportManifestProperty>
            <EntityMetaData name="warning.svg" createdDate="2015-09-05T14:05:54.024+05:30" isFolder="false" path="Sales/img/warning.svg" isHidden="true" locale="en_US" title="warning"/>
        </ExportManifestProperty>
        <ExportManifestProperty>
            <EntityAcl>
                <entriesInheriting>true</entriesInheriting>
                <owner>admin</owner>
                <ownerType>USER</ownerType>
            </EntityAcl>
        </ExportManifestProperty>
    </ExportManifestEntity>
    <ExportManifestEntity path="Sales/img/webdetails-logo.png">
        <ExportManifestProperty>
            <EntityMetaData name="webdetails-logo.png" createdDate="2015-09-05T14:05:54.238+05:30" isFolder="false" path="Sales/img/webdetails-logo.png" isHidden="true" locale="en_US" title="webdetails-logo"/>
        </ExportManifestProperty>
        <ExportManifestProperty>
            <EntityAcl>
                <entriesInheriting>true</entriesInheriting>
                <owner>admin</owner>
                <ownerType>USER</ownerType>
            </EntityAcl>
        </ExportManifestProperty>
    </ExportManifestEntity>
    <ExportManifestEntity path="Sales/img/webdetails-logo.svg">
        <ExportManifestProperty>
            <EntityMetaData name="webdetails-logo.svg" createdDate="2015-09-05T14:05:54.451+05:30" isFolder="false" path="Sales/img/webdetails-logo.svg" isHidden="true" locale="en_US" title="webdetails-logo"/>
        </ExportManifestProperty>
        <ExportManifestProperty>
            <EntityAcl>
                <entriesInheriting>true</entriesInheriting>
                <owner>admin</owner>
                <ownerType>USER</ownerType>
            </EntityAcl>
        </ExportManifestProperty>
    </ExportManifestEntity>
    <ExportManifestEntity path="Sales/js">
        <ExportManifestProperty>
            <EntityMetaData name="js" createdDate="2015-09-05T14:05:54.645+05:30" isFolder="true" path="Sales/js" isHidden="false" locale="en_US" title="js"/>
        </ExportManifestProperty>
        <ExportManifestProperty>
            <EntityAcl>
                <entriesInheriting>true</entriesInheriting>
                <owner>admin</owner>
                <ownerType>USER</ownerType>
            </EntityAcl>
        </ExportManifestProperty>
    </ExportManifestEntity>
    <ExportManifestEntity path="Sales/js/productSales.js">
        <ExportManifestProperty>
            <EntityMetaData name="productSales.js" createdDate="2015-09-05T14:05:54.731+05:30" isFolder="false" path="Sales/js/productSales.js" isHidden="true" locale="en_US" title="productSales"/>
        </ExportManifestProperty>
        <ExportManifestProperty>
            <EntityAcl>
                <entriesInheriting>true</entriesInheriting>
                <owner>admin</owner>
                <ownerType>USER</ownerType>
            </EntityAcl>
        </ExportManifestProperty>
    </ExportManifestEntity>
    <ExportManifestEntity path="Sales/productSales.cda">
        <ExportManifestProperty>
            <EntityMetaData name="productSales.cda" createdDate="2015-09-05T14:05:54.998+05:30" isFolder="false" path="Sales/productSales.cda" isHidden="false" locale="en_US" title="productSales"/>
        </ExportManifestProperty>
        <ExportManifestProperty>
            <EntityAcl>
                <entriesInheriting>true</entriesInheriting>
                <owner>admin</owner>
                <ownerType>USER</ownerType>
            </EntityAcl>
        </ExportManifestProperty>
    </ExportManifestEntity>
    <ExportManifestEntity path="Sales/productSales.cdfde">
        <ExportManifestProperty>
            <EntityMetaData name="productSales.cdfde" createdDate="2015-09-05T14:05:55.249+05:30" isFolder="false" path="Sales/productSales.cdfde" isHidden="false" locale="en_US" title="productSales"/>
        </ExportManifestProperty>
        <ExportManifestProperty>
            <EntityAcl>
                <entriesInheriting>true</entriesInheriting>
                <owner>admin</owner>
                <ownerType>USER</ownerType>
            </EntityAcl>
        </ExportManifestProperty>
    </ExportManifestEntity>
    <ExportManifestEntity path="Sales/productSales.wcdf">
        <ExportManifestProperty>
            <EntityMetaData name="productSales.wcdf" createdDate="2015-09-05T14:05:55.553+05:30" isFolder="false" path="Sales/productSales.wcdf" isHidden="false" locale="en_US" title="productSales"/>
        </ExportManifestProperty>
        <ExportManifestProperty>
            <EntityAcl>
                <entriesInheriting>true</entriesInheriting>
                <owner>admin</owner>
                <ownerType>USER</ownerType>
            </EntityAcl>
        </ExportManifestProperty>
    </ExportManifestEntity>
</ns2:ExportManifest>
